{"stats":{"minecraft:dropped":{"minecraft:written_book":3},"minecraft:custom":{"minecraft:open_chest":8,"minecraft:time_since_rest":5605,"minecraft:crouch_one_cm":1350,"minecraft:play_time":23184,"minecraft:sprint_one_cm":10629,"minecraft:deaths":2,"minecraft:damage_taken":903,"minecraft:walk_one_cm":24968,"minecraft:sneak_time":788,"minecraft:walk_under_water_one_cm":2790,"minecraft:drop":3,"minecraft:jump":100,"minecraft:damage_dealt":105,"minecraft:time_since_death":5571,"minecraft:walk_on_water_one_cm":9785,"minecraft:climb_one_cm":1781,"minecraft:total_world_time":23184,"minecraft:swim_one_cm":28497,"minecraft:fall_one_cm":3370,"minecraft:fly_one_cm":7065},"minecraft:used":{"minecraft:salmon":1,"minecraft:dark_oak_stairs":3,"minecraft:written_book":3,"minecraft:lantern":1,"minecraft:bread":2,"minecraft:cod":1,"minecraft:iron_sword":10},"minecraft:picked_up":{"minecraft:orange_bed":2,"minecraft:decorated_pot":1,"minecraft:spruce_fence":2,"minecraft:spruce_planks":2,"minecraft:painting":1,"minecraft:written_book":3,"minecraft:dark_oak_stairs":3,"minecraft:lantern":2},"minecraft:mined":{"minecraft:spruce_fence":2,"minecraft:decorated_pot":1,"minecraft:spruce_planks":2,"projectvibrantjourneys:seashells":5,"minecraft:orange_bed":2,"minecraft:dark_oak_stairs":3}},"DataVersion":3465}