{"stats":{"minecraft:dropped":{"minecraft:written_book":3},"minecraft:custom":{"minecraft:open_chest":7,"minecraft:time_since_rest":11184,"minecraft:crouch_one_cm":1350,"minecraft:play_time":11184,"minecraft:sprint_one_cm":6429,"minecraft:damage_taken":50,"minecraft:walk_one_cm":20515,"minecraft:sneak_time":779,"minecraft:walk_under_water_one_cm":2622,"minecraft:drop":3,"minecraft:jump":56,"minecraft:time_since_death":11184,"minecraft:walk_on_water_one_cm":6358,"minecraft:climb_one_cm":1781,"minecraft:total_world_time":11184,"minecraft:swim_one_cm":21017,"minecraft:fall_one_cm":1805,"minecraft:fly_one_cm":1440},"minecraft:used":{"minecraft:dark_oak_stairs":3,"minecraft:written_book":3,"minecraft:lantern":1,"minecraft:bread":1},"minecraft:picked_up":{"minecraft:orange_bed":2,"minecraft:decorated_pot":1,"minecraft:spruce_fence":2,"minecraft:spruce_planks":2,"minecraft:painting":1,"minecraft:written_book":3,"minecraft:dark_oak_stairs":3,"minecraft:lantern":2},"minecraft:mined":{"minecraft:spruce_fence":2,"minecraft:decorated_pot":1,"minecraft:spruce_planks":2,"projectvibrantjourneys:seashells":5,"minecraft:orange_bed":2,"minecraft:dark_oak_stairs":3}},"DataVersion":3465}