{"stats":{"minecraft:dropped":{"minecraft:written_book":3},"minecraft:custom":{"minecraft:open_chest":8,"minecraft:time_since_rest":6979,"minecraft:crouch_one_cm":1350,"minecraft:play_time":47184,"minecraft:sprint_one_cm":12015,"minecraft:deaths":5,"minecraft:damage_taken":1703,"minecraft:walk_one_cm":27359,"minecraft:sneak_time":788,"minecraft:walk_under_water_one_cm":2790,"minecraft:drop":3,"minecraft:jump":130,"minecraft:damage_dealt":105,"minecraft:time_since_death":0,"minecraft:walk_on_water_one_cm":9785,"minecraft:climb_one_cm":1781,"minecraft:total_world_time":47184,"minecraft:swim_one_cm":28497,"minecraft:fall_one_cm":4095,"minecraft:fly_one_cm":10216},"minecraft:used":{"minecraft:salmon":1,"minecraft:dark_oak_stairs":3,"minecraft:written_book":3,"minecraft:lantern":1,"minecraft:bread":2,"minecraft:cod":1,"minecraft:iron_sword":10},"minecraft:picked_up":{"minecraft:orange_bed":2,"minecraft:decorated_pot":1,"minecraft:spruce_fence":2,"minecraft:spruce_planks":2,"minecraft:painting":1,"minecraft:written_book":3,"minecraft:dark_oak_stairs":3,"minecraft:lantern":2},"minecraft:mined":{"minecraft:spruce_fence":2,"minecraft:decorated_pot":1,"minecraft:spruce_planks":2,"projectvibrantjourneys:seashells":5,"minecraft:orange_bed":2,"minecraft:dark_oak_stairs":3}},"DataVersion":3465}