{"stats":{"minecraft:mined":{"minecraft:spruce_planks":12,"minecraft:glass_pane":2,"minecraft:carrots":2,"minecraft:candle":2,"minecraft:birch_door":1,"minecraft:crafting_table":2,"minecraft:potatoes":7,"minecraft:grass_block":11,"minecraft:beetroots":6,"minecraft:black_candle":1,"minecraft:cyan_bed":1,"minecraft:fern":1},"minecraft:picked_up":{"minecraft:book":1,"minecraft:iron_chestplate":1,"minecraft:crafting_table":3,"minecraft:stick":1,"minecraft:birch_door":2,"minecraft:black_candle":2,"projectvibrantjourneys:icicle":2,"minecraft:potato":52,"steam_powered:steam_handbook":1,"minecraft:shield":1,"minecraft:carrot":5,"minecraft:gunpowder":1,"minecraft:cyan_bed":2,"minecraft:dirt":20,"minecraft:bone":8,"minecraft:beetroot":10,"minecraft:beetroot_seeds":32,"minecraft:candle":12,"minecraft:spruce_planks":13,"minecraft:iron_ingot":5,"minecraft:painting":2,"minecraft:golden_apple":1,"minecraft:written_book":2,"minecraft:emerald":1,"minecraft:bread":1,"minecraft:sugar_cane":12},"minecraft:custom":{"minecraft:time_since_rest":5473,"minecraft:interact_with_smithing_table":1,"minecraft:sprint_one_cm":91458,"minecraft:damage_taken":751,"minecraft:walk_one_cm":39581,"minecraft:fly_one_cm":39221,"minecraft:open_chest":7,"minecraft:crouch_one_cm":17367,"minecraft:play_time":18747,"minecraft:deaths":2,"minecraft:sneak_time":6963,"minecraft:jump":220,"minecraft:leave_game":1,"minecraft:time_since_death":5448,"minecraft:interact_with_smoker":1,"minecraft:climb_one_cm":304,"minecraft:total_world_time":18747,"minecraft:fall_one_cm":2376},"minecraft:used":{"aoa3:stripped_iro_wood":1,"minecraft:spruce_planks":1,"minecraft:dirt":2,"minecraft:crafting_table":1,"minecraft:carrot":5,"minecraft:stripped_spruce_log":1}},"DataVersion":3465}