{"stats":{"minecraft:mined":{"minecraft:cyan_bed":1,"minecraft:crafting_table":1},"minecraft:picked_up":{"minecraft:crafting_table":1,"minecraft:cyan_bed":1,"minecraft:sugar_cane":6},"minecraft:custom":{"minecraft:jump":35,"minecraft:time_since_rest":3513,"minecraft:interact_with_smithing_table":1,"minecraft:crouch_one_cm":7714,"minecraft:sprint_one_cm":16863,"minecraft:play_time":3513,"minecraft:damage_taken":10,"minecraft:time_since_death":3513,"minecraft:sneak_time":3513,"minecraft:climb_one_cm":304,"minecraft:total_world_time":3513,"minecraft:fall_one_cm":1105,"minecraft:fly_one_cm":9192}},"DataVersion":3465}