{"stats":{"minecraft:dropped":{"minecraft:written_book":3},"minecraft:custom":{"minecraft:open_chest":8,"minecraft:time_since_rest":149,"minecraft:crouch_one_cm":12090,"minecraft:play_time":65491,"minecraft:sprint_one_cm":13504,"minecraft:damage_taken":1919,"minecraft:walk_one_cm":28017,"minecraft:deaths":6,"minecraft:sneak_time":3453,"minecraft:walk_under_water_one_cm":2790,"minecraft:drop":3,"minecraft:jump":159,"minecraft:damage_dealt":105,"minecraft:leave_game":1,"minecraft:time_since_death":112,"minecraft:walk_on_water_one_cm":9785,"minecraft:total_world_time":65491,"minecraft:climb_one_cm":1781,"minecraft:swim_one_cm":28497,"minecraft:fly_one_cm":11271,"minecraft:fall_one_cm":5295},"minecraft:used":{"minecraft:salmon":2,"minecraft:dark_oak_stairs":3,"minecraft:written_book":3,"minecraft:lantern":1,"minecraft:bread":2,"minecraft:cod":1,"minecraft:iron_sword":14},"minecraft:picked_up":{"minecraft:orange_bed":2,"minecraft:decorated_pot":1,"minecraft:spruce_fence":2,"minecraft:spruce_planks":2,"minecraft:painting":1,"minecraft:written_book":3,"minecraft:iron_nugget":2,"minecraft:bone":1,"minecraft:dark_oak_stairs":3,"minecraft:lantern":2},"minecraft:mined":{"projectvibrantjourneys:short_grass":1,"minecraft:grass":3,"minecraft:spruce_fence":2,"minecraft:decorated_pot":1,"minecraft:spruce_planks":2,"minecraft:tall_grass":1,"projectvibrantjourneys:seashells":5,"minecraft:orange_bed":2,"minecraft:dark_oak_stairs":3}},"DataVersion":3465}