{"stats":{"minecraft:picked_up":{"minecraft:iron_ingot":7,"minecraft:arrow":13,"minecraft:gold_ingot":8,"minecraft:tall_grass":5,"minecraft:stone_bricks":3,"minecraft:torch":4},"minecraft:custom":{"minecraft:jump":76,"minecraft:open_chest":1,"minecraft:time_since_rest":8437,"minecraft:leave_game":1,"minecraft:crouch_one_cm":5520,"minecraft:walk_one_cm":9435,"minecraft:sprint_one_cm":12539,"minecraft:play_time":8437,"minecraft:time_since_death":8437,"minecraft:sneak_time":3520,"minecraft:climb_one_cm":20,"minecraft:total_world_time":8437,"minecraft:fly_one_cm":110968,"minecraft:open_barrel":16}},"DataVersion":3465}