{"stats":{"minecraft:picked_up":{"minecraft:sugar_cane":2,"minecraft:dirt":6},"minecraft:mined":{"minecraft:grass_block":1,"minecraft:dirt":2},"minecraft:custom":{"minecraft:jump":86,"minecraft:time_since_rest":1470,"minecraft:deaths":1,"minecraft:damage_dealt":10,"minecraft:crouch_one_cm":330,"minecraft:sprint_one_cm":9186,"minecraft:play_time":2981,"minecraft:damage_taken":290,"minecraft:time_since_death":1445,"minecraft:walk_one_cm":2638,"minecraft:sneak_time":446,"minecraft:total_world_time":2981,"minecraft:fall_one_cm":4308,"minecraft:fly_one_cm":18651}},"DataVersion":3465}