{"stats":{"minecraft:mined":{"minecraft:spruce_planks":2,"minecraft:barrel":1,"minecraft:dark_oak_log":1,"minecraft:yellow_bed":1,"minecraft:crafting_table":1,"minecraft:grass":1,"minecraft:grass_block":4,"minecraft:dirt":5,"minecraft:cyan_bed":2,"minecraft:oak_planks":1},"minecraft:picked_up":{"minecraft:crafting_table":2,"projectvibrantjourneys:icicle":4,"minecraft:yellow_bed":2,"minecraft:carrot":4,"minecraft:cyan_bed":3,"minecraft:dark_oak_log":1,"minecraft:barrel":1,"minecraft:dirt":16,"minecraft:beetroot":2,"minecraft:polished_blackstone_pressure_plate":2,"minecraft:spruce_planks":1,"minecraft:painting":4,"minecraft:sugar_cane":4,"minecraft:oak_planks":1},"minecraft:crafted":{"minecraft:dark_oak_planks":4},"minecraft:custom":{"minecraft:time_since_rest":3183,"minecraft:interact_with_smithing_table":1,"minecraft:sprint_one_cm":56933,"minecraft:damage_taken":1495,"minecraft:walk_one_cm":32362,"minecraft:damage_dealt":18,"minecraft:fly_one_cm":108302,"minecraft:open_barrel":3,"minecraft:open_chest":3,"minecraft:crouch_one_cm":330,"minecraft:play_time":18156,"minecraft:deaths":5,"minecraft:sneak_time":446,"minecraft:jump":446,"minecraft:leave_game":1,"minecraft:time_since_death":3147,"minecraft:climb_one_cm":88,"minecraft:total_world_time":18156,"minecraft:fall_one_cm":13446},"minecraft:used":{"minecraft:dark_oak_planks":4,"minecraft:cyan_bed":1,"minecraft:oak_planks":1,"minecraft:spruce_planks":1,"minecraft:barrel":1,"minecraft:dirt":5}},"DataVersion":3465}