{"stats":{"minecraft:used":{"animalistic_a:murcielago_spawn_egg":1,"gaggle_of_golems:cobblestone_golem_spawn_egg":2,"creeperoverhaul:dark_oak_creeper_spawn_egg":1,"gaggle_of_golems:icy_golem_spawn_egg":1,"minecraft:trident":6,"creeperoverhaul:mushroom_creeper_spawn_egg":1,"animalistic_a:pandarojom_spawn_egg":1,"gaggle_of_golems:mossy_golem_spawn_egg":1,"minecraft:villager_spawn_egg":2,"minecraft:spruce_wood":1,"gaggle_of_golems:oxidized_copper_golem_spawn_egg":1,"animalistic_a:spider_spawn_egg":2,"minecraft:lantern":1,"gaggle_of_golems:furnace_golem_spawn_egg":1,"animalistic_a:perezoso_spawn_egg":1,"creeperoverhaul:tiny_cactus":2,"gaggle_of_golems:tuff_golem_spawn_egg":1,"gaggle_of_golems:melon_golem_spawn_egg":1,"animalistic_a:huron_spawn_egg":1,"animalistic_a:bird_spawn_egg":1,"tameablebeasts:penguin_spawn_egg":1,"animalistic_a:pato_spawn_egg":1,"creeperoverhaul:swamp_creeper_spawn_egg":1,"animalistic_a:tiburon_spawn_egg":1,"animalistic_a:quetzal_spawn_egg":1,"gaggle_of_golems:copper_golem_spawn_egg":1,"animalistic_a:dragon_azul_spawn_egg":1,"gaggle_of_golems:weathered_copper_golem_spawn_egg":1,"tameablebeasts:chikote_egg":1,"animalistic_a:ninfa_spawn_egg":1,"animalistic_a:lobo_spawn_egg":1,"gaggle_of_golems:exposed_copper_golem_spawn_egg":1,"gaggle_of_golems:redstone_golem_spawn_egg":1,"gaggle_of_golems:magma_golem_spawn_egg":1,"minecraft:goat_spawn_egg":26,"gaggle_of_golems:plank_golem_spawn_egg":1,"gaggle_of_golems:grindstone_golem_spawn_egg":1,"creeperoverhaul:snowy_creeper_spawn_egg":1,"animalistic_a:tigre_spawn_egg":2,"creeperoverhaul:savannah_creeper_spawn_egg":1,"animalistic_a:lechuza_spawn_egg":1,"creeperoverhaul:jungle_creeper_spawn_egg":1},"minecraft:dropped":{"creeperoverhaul:jungle_creeper_spawn_egg":1},"minecraft:custom":{"minecraft:time_since_rest":89235,"minecraft:sprint_one_cm":9424,"minecraft:walk_one_cm":33546,"minecraft:mob_kills":1,"minecraft:drop":1,"minecraft:damage_dealt":183,"minecraft:talked_to_villager":3,"minecraft:fly_one_cm":220438,"minecraft:crouch_one_cm":6636,"minecraft:play_time":89235,"minecraft:sneak_time":69656,"minecraft:jump":103,"minecraft:leave_game":8,"minecraft:time_since_death":89235,"minecraft:walk_on_water_one_cm":67,"minecraft:total_world_time":89235},"minecraft:killed":{"minecraft:villager":1}},"DataVersion":3465}