{"stats":{"minecraft:crafted":{"minecraft:oak_planks":92,"minecraft:crafting_table":1,"minecraft:stick":4,"minecraft:wooden_axe":1},"minecraft:custom":{"minecraft:time_since_rest":10286,"minecraft:crouch_one_cm":21932,"minecraft:walk_one_cm":11197,"minecraft:play_time":59982,"minecraft:sprint_one_cm":39457,"minecraft:damage_taken":320,"minecraft:deaths":1,"minecraft:sneak_time":49727,"minecraft:walk_under_water_one_cm":93,"minecraft:jump":359,"minecraft:time_since_death":10255,"minecraft:walk_on_water_one_cm":221,"minecraft:total_world_time":59982,"minecraft:swim_one_cm":3279,"minecraft:interact_with_crafting_table":2,"minecraft:fall_one_cm":5288,"minecraft:fly_one_cm":93627},"minecraft:used":{"minecraft:wooden_axe":237,"minecraft:written_book":4,"minecraft:crafting_table":1},"minecraft:picked_up":{"projectvibrantjourneys:light_brown_bark_mushroom":2,"minecraft:stick":13,"minecraft:apple":2,"projectvibrantjourneys:fallen_leaves":1,"projectvibrantjourneys:bark_mushroom":1,"minecraft:wheat_seeds":1,"minecraft:oak_log":23,"minecraft:oak_sapling":17,"minecraft:dirt":1},"minecraft:mined":{"minecraft:grass_block":1,"projectvibrantjourneys:light_brown_bark_mushroom":1,"minecraft:oak_log":23,"projectvibrantjourneys:short_grass":2,"projectvibrantjourneys:sandstone_rocks":1,"minecraft:oak_leaves":213}},"DataVersion":3465}