{"stats":{"minecraft:custom":{"minecraft:time_since_rest":128971,"minecraft:sprint_one_cm":34826,"minecraft:walk_one_cm":39591,"minecraft:mob_kills":14,"minecraft:drop":5,"minecraft:damage_dealt":4756,"minecraft:fly_one_cm":390678,"minecraft:open_chest":1,"minecraft:play_time":128971,"minecraft:sneak_time":101,"minecraft:bell_ring":1,"minecraft:walk_under_water_one_cm":3030,"minecraft:jump":251,"minecraft:leave_game":10,"minecraft:walk_on_water_one_cm":1195,"minecraft:time_since_death":128971,"minecraft:total_world_time":128971,"minecraft:fall_one_cm":209},"minecraft:mined":{"minecraft:grass":1},"minecraft:killed":{"minecraft:zombie":2,"minecraft:pig":1,"minecraft:chicken":1,"minecraft:spider":3,"minecraft:strider":1,"minecraft:zoglin":1,"minecraft:zombie_horse":1,"minecraft:creeper":2,"minecraft:shulker":1},"minecraft:picked_up":{"minecraft:porkchop":2,"minecraft:gunpowder":1,"minecraft:string":9,"minecraft:rotten_flesh":5,"minecraft:allay_spawn_egg":1,"minecraft:wheat_seeds":1,"minecraft:netherite_sword":1,"minecraft:egg":1},"minecraft:dropped":{"minecraft:allay_spawn_egg":1,"minecraft:netherite_sword":1,"minecraft:rotten_flesh":1,"minecraft:string":2},"minecraft:used":{"minecraft:spider_spawn_egg":7,"minecraft:creeper_spawn_egg":4,"minecraft:enderman_spawn_egg":2,"minecraft:zombie_horse_spawn_egg":1,"minecraft:netherite_sword":91,"minecraft:cow_spawn_egg":2,"minecraft:carved_pumpkin":3,"minecraft:iron_block":4,"minecraft:pig_spawn_egg":1,"minecraft:chicken_spawn_egg":17,"minecraft:zombie_spawn_egg":8,"minecraft:cat_spawn_egg":1,"minecraft:bee_spawn_egg":2,"minecraft:strider_spawn_egg":1,"minecraft:cave_spider_spawn_egg":1,"minecraft:shulker_spawn_egg":1,"minecraft:allay_spawn_egg":1,"minecraft:zoglin_spawn_egg":1}},"DataVersion":3465}