{"stats":{"minecraft:dropped":{"biomesoplenty:toadstool":1,"minecraft:cooked_cod":1,"minecraft:oak_sapling":11},"minecraft:killed":{"minecraft:skeleton":2,"gnumus:gnumus_hunter":2,"steam_powered:giant_crab":2,"grimoireofgaia:gravemite":14},"minecraft:broken":{"minecraft:wooden_axe":1},"minecraft:crafted":{"minecraft:oak_planks":92,"minecraft:crafting_table":3,"minecraft:stick":4,"minecraft:wooden_pickaxe":1,"minecraft:wooden_axe":2},"minecraft:custom":{"minecraft:time_since_rest":5722,"minecraft:sprint_one_cm":106728,"minecraft:damage_taken":2645,"minecraft:walk_one_cm":57078,"minecraft:mob_kills":11,"minecraft:drop":3,"minecraft:damage_dealt":642,"minecraft:talked_to_villager":2,"minecraft:swim_one_cm":18727,"minecraft:interact_with_crafting_table":5,"minecraft:fly_one_cm":162353,"minecraft:open_barrel":3,"minecraft:open_chest":1,"minecraft:crouch_one_cm":22796,"minecraft:play_time":95982,"minecraft:deaths":8,"minecraft:sneak_time":50361,"minecraft:walk_under_water_one_cm":5668,"minecraft:jump":792,"minecraft:walk_on_water_one_cm":3961,"minecraft:time_since_death":5697,"minecraft:total_world_time":95982,"minecraft:fall_one_cm":17294},"minecraft:used":{"minecraft:wooden_axe":308,"minecraft:flint_and_steel":7,"minecraft:bread":2,"minecraft:wooden_pickaxe":6,"minecraft:iron_sword":29,"minecraft:written_book":4,"minecraft:crafting_table":4},"minecraft:picked_up":{"biomesoplenty:toadstool":4,"projectvibrantjourneys:light_brown_bark_mushroom":2,"minecraft:stick":24,"minecraft:crafting_table":2,"aoa3:copper_coin":1,"projectvibrantjourneys:fallen_leaves":1,"projectvibrantjourneys:bark_mushroom":2,"gnumus:gnumus_claw":2,"gnumus:gnumus_pouch":1,"minecraft:oak_log":74,"aoa3:carved_rune_of_travel":1,"minecraft:dirt":1,"minecraft:cooked_cod":1,"minecraft:rotten_flesh":1,"minecraft:apple":3,"gnumus:gnumus_clay":5,"minecraft:wheat_seeds":1,"minecraft:rose_bush":3,"minecraft:iron_nugget":1,"minecraft:enchanted_golden_apple":1,"projectvibrantjourneys:orange_bark_mushroom":2,"minecraft:oak_sapling":29,"minecraft:black_wool":1,"minecraft:white_wool":2},"minecraft:killed_by":{"grimoireofgaia:ant_salvager":2},"minecraft:mined":{"projectvibrantjourneys:light_brown_bark_mushroom":1,"biomesoplenty:toadstool":3,"minecraft:fire":4,"minecraft:crafting_table":2,"minecraft:grass":1,"minecraft:black_wool":1,"projectvibrantjourneys:twigs":1,"minecraft:grass_block":1,"minecraft:oak_log":74,"projectvibrantjourneys:short_grass":6,"minecraft:rose_bush":3,"projectvibrantjourneys:sandstone_rocks":1,"minecraft:stone":5,"minecraft:white_wool":2,"minecraft:oak_leaves":453}},"DataVersion":3465}