{"stats":{"minecraft:killed":{"gnumus:gnumus_hunter":2},"minecraft:broken":{"minecraft:wooden_axe":1},"minecraft:crafted":{"minecraft:oak_planks":92,"minecraft:crafting_table":3,"minecraft:stick":4,"minecraft:wooden_axe":2},"minecraft:custom":{"minecraft:time_since_rest":901,"minecraft:sprint_one_cm":88180,"minecraft:damage_taken":2294,"minecraft:walk_one_cm":37047,"minecraft:mob_kills":1,"minecraft:damage_dealt":397,"minecraft:talked_to_villager":1,"minecraft:swim_one_cm":18727,"minecraft:interact_with_crafting_table":4,"minecraft:fly_one_cm":146269,"minecraft:open_barrel":3,"minecraft:open_chest":1,"minecraft:crouch_one_cm":22031,"minecraft:play_time":83982,"minecraft:deaths":7,"minecraft:sneak_time":50120,"minecraft:walk_under_water_one_cm":5668,"minecraft:jump":648,"minecraft:walk_on_water_one_cm":3961,"minecraft:time_since_death":851,"minecraft:total_world_time":83982,"minecraft:fall_one_cm":13549},"minecraft:used":{"minecraft:wooden_axe":306,"minecraft:flint_and_steel":7,"minecraft:bread":2,"minecraft:iron_sword":4,"minecraft:written_book":4,"minecraft:crafting_table":3},"minecraft:picked_up":{"biomesoplenty:toadstool":3,"projectvibrantjourneys:light_brown_bark_mushroom":2,"minecraft:stick":24,"minecraft:crafting_table":1,"aoa3:copper_coin":1,"projectvibrantjourneys:fallen_leaves":1,"projectvibrantjourneys:bark_mushroom":2,"gnumus:gnumus_claw":2,"gnumus:gnumus_pouch":1,"minecraft:oak_log":74,"minecraft:dirt":1,"minecraft:apple":3,"gnumus:gnumus_clay":5,"minecraft:wheat_seeds":1,"minecraft:rose_bush":3,"projectvibrantjourneys:orange_bark_mushroom":2,"minecraft:oak_sapling":28,"minecraft:black_wool":1,"minecraft:white_wool":2},"minecraft:killed_by":{"grimoireofgaia:ant_salvager":2},"minecraft:mined":{"projectvibrantjourneys:light_brown_bark_mushroom":1,"biomesoplenty:toadstool":3,"minecraft:fire":1,"minecraft:crafting_table":1,"minecraft:black_wool":1,"projectvibrantjourneys:twigs":1,"minecraft:grass_block":1,"minecraft:oak_log":74,"projectvibrantjourneys:short_grass":3,"minecraft:rose_bush":3,"projectvibrantjourneys:sandstone_rocks":1,"minecraft:white_wool":2,"minecraft:oak_leaves":444}},"DataVersion":3465}