{"stats":{"minecraft:killed":{"gnumus:gnumus_hunter":2},"minecraft:broken":{"minecraft:wooden_axe":1},"minecraft:crafted":{"minecraft:oak_planks":92,"minecraft:crafting_table":2,"minecraft:stick":4,"minecraft:wooden_axe":1},"minecraft:custom":{"minecraft:time_since_rest":10252,"minecraft:sprint_one_cm":55006,"minecraft:damage_taken":630,"minecraft:walk_one_cm":24391,"minecraft:mob_kills":1,"minecraft:damage_dealt":382,"minecraft:talked_to_villager":1,"minecraft:swim_one_cm":15618,"minecraft:interact_with_crafting_table":3,"minecraft:fly_one_cm":113198,"minecraft:open_barrel":1,"minecraft:open_chest":1,"minecraft:crouch_one_cm":22031,"minecraft:play_time":71982,"minecraft:deaths":2,"minecraft:sneak_time":50099,"minecraft:walk_under_water_one_cm":3939,"minecraft:jump":492,"minecraft:walk_on_water_one_cm":1572,"minecraft:time_since_death":10226,"minecraft:total_world_time":71982,"minecraft:fall_one_cm":9183},"minecraft:used":{"minecraft:wooden_axe":273,"minecraft:bread":2,"minecraft:iron_sword":3,"minecraft:written_book":4,"minecraft:crafting_table":2},"minecraft:picked_up":{"biomesoplenty:toadstool":3,"projectvibrantjourneys:light_brown_bark_mushroom":2,"minecraft:stick":18,"aoa3:copper_coin":1,"projectvibrantjourneys:fallen_leaves":1,"projectvibrantjourneys:bark_mushroom":2,"gnumus:gnumus_claw":2,"gnumus:gnumus_pouch":1,"minecraft:oak_log":69,"minecraft:dirt":1,"minecraft:apple":2,"gnumus:gnumus_clay":5,"minecraft:wheat_seeds":1,"minecraft:rose_bush":3,"projectvibrantjourneys:orange_bark_mushroom":1,"minecraft:oak_sapling":25,"minecraft:black_wool":1,"minecraft:white_wool":2},"minecraft:mined":{"projectvibrantjourneys:light_brown_bark_mushroom":1,"biomesoplenty:toadstool":3,"minecraft:black_wool":1,"minecraft:grass_block":1,"minecraft:oak_log":69,"projectvibrantjourneys:short_grass":2,"minecraft:rose_bush":3,"projectvibrantjourneys:sandstone_rocks":1,"minecraft:white_wool":2,"minecraft:oak_leaves":374}},"DataVersion":3465}