{
  "minecraft:recipes/decorations/crafting_table": {
    "criteria": {
      "unlock_right_away": "2024-06-30 00:20:20 +0000"
    },
    "done": true
  },
  "minecraft:adventure/adventuring_time": {
    "criteria": {
      "minecraft:taiga": "2024-06-30 00:21:54 +0000",
      "minecraft:windswept_hills": "2024-06-30 00:22:21 +0000",
      "minecraft:beach": "2024-06-30 00:22:03 +0000",
      "minecraft:river": "2024-06-30 00:22:02 +0000",
      "minecraft:swamp": "2024-06-30 00:20:21 +0000",
      "minecraft:forest": "2024-06-30 00:22:29 +0000",
      "minecraft:plains": "2024-06-30 00:22:39 +0000"
    },
    "done": false
  },
  "DataVersion": 3465
}